accession,name,length_bp,gc_percent,host,isolation_source,country,organism,taxonomy
PQ155107.1,"Listeria phage vB_Lmo_SI38, complete genome",39477,37.09,Listeria monocytogenes 1717-7HC,sewage,,Listeria phage vB_Lmo_SI38,Viruses; Duplodnaviria; Heunggongvirae; Uroviricota; Caudoviricetes
PP895302.1,"Listeria phage LPLM20, complete genome",41232,36.58,Listeria monocytogenes LLM1,waste water,,Listeria phage LPLM20,Viruses; Duplodnaviria; Heunggongvirae; Uroviricota; Caudoviricetes
OR125588.1,"Listeria phage cka18, complete genome",133639,35.92,Listeria monocytogenes,,,Listeria phage cka18,Viruses; Duplodnaviria; Heunggongvirae; Uroviricota; Caudoviricetes; Caudoviricetes incertae sedis; Herelleviridae; Jasinskavirinae; Pecentumvirus
OR125587.1,"Listeria phage cka17, complete genome",134199,35.91,Listeria monocytogenes,,,Listeria phage cka17,Viruses; Duplodnaviria; Heunggongvirae; Uroviricota; Caudoviricetes; Caudoviricetes incertae sedis; Herelleviridae; Jasinskavirinae; Pecentumvirus
OR125586.1,"Listeria phage cka16, complete genome",133868,35.92,Listeria monocytogenes,,,Listeria phage cka16,Viruses; Duplodnaviria; Heunggongvirae; Uroviricota; Caudoviricetes; Caudoviricetes incertae sedis; Herelleviridae; Jasinskavirinae; Pecentumvirus
OR125585.1,"Listeria phage cka14, complete genome",136920,35.99,Listeria monocytogenes,,,Listeria phage cka14,Viruses; Duplodnaviria; Heunggongvirae; Uroviricota; Caudoviricetes; Caudoviricetes incertae sedis; Herelleviridae; Jasinskavirinae; Pecentumvirus
OR125584.1,"Listeria phage cka11, complete genome",136461,35.99,Listeria monocytogenes,,,Listeria phage cka11,Viruses; Duplodnaviria; Heunggongvirae; Uroviricota; Caudoviricetes; Caudoviricetes incertae sedis; Herelleviridae; Jasinskavirinae; Pecentumvirus
OR125583.1,"Listeria phage cka8, complete genome",136076,35.99,Listeria monocytogenes,,,Listeria phage cka8,Viruses; Duplodnaviria; Heunggongvirae; Uroviricota; Caudoviricetes; Caudoviricetes incertae sedis; Herelleviridae; Jasinskavirinae; Pecentumvirus
OR125582.1,"Listeria phage cka4, complete genome",135569,35.88,Listeria monocytogenes,,,Listeria phage cka4,Viruses; Duplodnaviria; Heunggongvirae; Uroviricota; Caudoviricetes; Caudoviricetes incertae sedis; Herelleviridae; Jasinskavirinae; Pecentumvirus
PX963128.1,"Stenotrophomonas phage Siegen, complete genome",108403,53.4,Stenotrophomonas maltophilia,wastewater,,Stenotrophomonas phage Siegen,Viruses
PX963126.1,"Stenotrophomonas phage Potsdam, complete genome",43064,60.17,Stenotrophomonas maltophilia,Gateway Dr. lake,,Stenotrophomonas phage Potsdam,Viruses
PX974330.1,"Listeria phage MET-P1-745, complete genome",42355,36.27,Listeria monocytogenes serotype 1/2c,chicken feces,,Listeria phage MET-P1-745,Viruses
PX974329.1,"Listeria phage MET-P1-744, complete genome",42136,36.32,Listeria monocytogenes serotype 1/2c,soil,,Listeria phage MET-P1-744,Viruses
PX974328.1,"Listeria phage MET-P1-743, complete genome",31481,37.5,Listeria monocytogenes serotype 1/2c,soil,,Listeria phage MET-P1-743,Viruses
PX930860.1,"Listeria phage MET-P1-680, complete genome",41020,36.2,Listeria monocytogenes serovar 1/2c,cow feces from cattle farm,,Listeria phage MET-P1-680,Viruses
PX866597.1,"Bacillus phage Asciepus, complete genome",153169,41.76,Bacillus subtilis ATCC 6051,soil,,Bacillus phage Asciepus,Viruses
PX401885.1,"Listeria phage LM1418TR, complete genome",38082,36.82,Listeria monocytogenes,wastewater,,Listeria phage LM1418TR,Viruses
PX401884.1,"Listeria phage LM1116TR, complete genome",38082,36.78,Listeria monocytogenes,wastewater,,Listeria phage LM1116TR,Viruses
PQ388223.1,"Listeria phage LPC-1, complete genome",43466,35.42,Listeria sp.,slaughterhouse sewage,,Listeria phage LPC-1,Viruses; Duplodnaviria; Heunggongvirae; Uroviricota; Caudoviricetes
NC_095599.1,"Listeria phage PSU-VKH-LP040, complete genome",39585,37.09,Listeria,,,Listeria phage PSU-VKH-LP040,Viruses; Duplodnaviria; Heunggongvirae; Uroviricota; Caudoviricetes; Caudoviricetes incertae sedis; Aquingentivirus; Aquingentivirus LP040
NC_112206.1,"Listeria phage HS5, complete genome",39936,36.31,Listeria monocytogenes,cheese,,Listeria phage HS5,Viruses; Duplodnaviria; Heunggongvirae; Uroviricota; Caudoviricetes; Caudoviricetes incertae sedis; Aquingentivirus; Aquingentivirus HS5
NC_106835.1,"Listeria phage HB17054, complete genome",42079,36.72,Listeria monocytogenes ATCC 19115,,,Listeria phage HB17054,Viruses; Duplodnaviria; Heunggongvirae; Uroviricota; Caudoviricetes; Caudoviricetes incertae sedis; Aquingentivirus; Aquingentivirus HB17054
NC_129615.1,"Enterococcus phage PEf771, complete genome",151052,36.97,Enterococcus faecalis YN771,water,,Enterococcus phage PEf771,Viruses; Duplodnaviria; Heunggongvirae; Uroviricota; Caudoviricetes; Caudoviricetes incertae sedis; Herelleviridae; Brockvirinae; Schiekvirus; Schiekvirus Pef771
NC_135368.1,"Enterococcus phage 9184, complete genome",44108,35.82,Enterococcus sp.,wastewater samples,,Enterococcus phage 9184,Viruses; Duplodnaviria; Heunggongvirae; Uroviricota; Caudoviricetes; Caudoviricetes incertae sedis; Thiercelinvirus; Thiercelinvirus v9184
PP583539.1,"Listeria phage 220426122051, complete genome",53072,45.94,,food industry surface,,Listeria phage 220426122051,Viruses; Duplodnaviria; Heunggongvirae; Uroviricota; Caudoviricetes; Caudoviricetes incertae sedis; Rosemountvirus
PV296012.1,"Bacillus phage 0524phi7-1, complete genome",157103,40.01,Bacillus thuringiensis BtSerwer7,,,Bacillus phage 0524phi7-1,Viruses; Duplodnaviria; Heunggongvirae; Uroviricota; Caudoviricetes; Caudoviricetes incertae sedis; Herelleviridae; Bastillevirinae; Tsarbombavirus
PQ571301.1,"Enterococcus phage EH-TP1, complete genome",44641,36.66,Enterococcus hirae BBCO_MU_1,antibiotic induction,,Enterococcus phage EH-TP1,Viruses
PQ571292.1,"Enterococcus phage EG-TP1, complete genome",38020,37.74,Enterococcus gallinarum BBC_KY_5,antibiotic induction,,Enterococcus phage EG-TP1,Viruses
PQ571287.1,"Enterococcus phage EA1, complete genome",152401,37.11,Enterococcus avium BBCO_DT_2,sewage from septic tank,,Enterococcus phage EA1,Viruses
PQ869677.1,"Listeria phage LMC, complete genome",42151,36.59,Listeria monocytogenes ATCC 19115,fowl dropping,,Listeria phage LMC,Viruses
PQ349084.1,"Listeria phage LMLPA3, complete genome",136990,36.13,Listeria monocytogenes ICDC-LM1063,sewage,,Listeria phage LMLPA3,Viruses; Duplodnaviria; Heunggongvirae; Uroviricota; Caudoviricetes; Caudoviricetes incertae sedis; Herelleviridae; Jasinskavirinae; Pecentumvirus
OR371505.1,"Listeria phage FHC193-PLM9, complete genome",38345,36.23,Listeria monocytogenes,chopped chicken meat,,Listeria phage FHC193-PLM9,Viruses
OR263580.1,"Streptomyces phage Samy, complete genome",61068,66.53,,Streptomyces ambofaciens ATCC 23877,,Streptomyces phage Samy,Viruses; Duplodnaviria; Heunggongvirae; Uroviricota; Caudoviricetes
PP453650.1,"Listeria phage vB_Lmo_C2, complete genome",35285,36.8,,food processing plant,,Listeria phage vB_Lmo_C2,Viruses
PP453649.1,"Listeria phage vB_Lmo_W16, complete genome",42319,36.63,,,,Listeria phage vB_Lmo_W16,Viruses
PP453648.1,"Listeria phage vB_Lmo_3274, complete genome",42318,36.63,,sewage treatment plant,,Listeria phage vB_Lmo_3274,Viruses
PP453647.1,"Listeria phage vB_Lmo_2389_typeII, complete genome",39438,34.74,Listeria monocytogenes LM2684 (serotype 4b),sewage treatment plant,,Listeria phage vB_Lmo_2389_typeII,Viruses
PP601405.1,"Listeria phage 184, complete genome",40682,36.08,Listeria monocytogenes 1184,,,Listeria phage 184,Viruses
PP537389.1,"UNVERIFIED_ORG: Pantoea phage PA-1, complete genome",69452,46.14,Pantoea ananatis ZJU1,rice leaf,,Pantoea phage PA-1,Viruses; Duplodnaviria; Heunggongvirae; Uroviricota; Caudoviricetes
OP926972.2,"Listeria phage FHC174-PLM34, complete genome",32895,37.01,Listeria monocytogenes,chicken skin,,Listeria phage FHC174-PLM34,Viruses; Duplodnaviria; Heunggongvirae; Uroviricota; Caudoviricetes
PP101686.1,"Listeria phage 805405-1, complete genome",134754,35.91,Listeria monocytogenes,food processing environment floor drain,,Listeria phage 805405-1,Viruses; Duplodnaviria; Heunggongvirae; Uroviricota; Caudoviricetes; Caudoviricetes incertae sedis; Herelleviridae; Jasinskavirinae; Pecentumvirus
PP101685.1,"Listeria phage 20422-1, complete genome",134755,35.91,Listeria monocytogenes,food processing environment conveyor belt,,Listeria phage 20422-1,Viruses; Duplodnaviria; Heunggongvirae; Uroviricota; Caudoviricetes; Caudoviricetes incertae sedis; Herelleviridae; Jasinskavirinae; Pecentumvirus
OP926971.1,"Listeria phage FHC15313-PLM26, complete genome",41221,35.45,Listeria monocytogenes,cattle feces,,Listeria phage FHC15313-PLM26,Viruses; Duplodnaviria; Heunggongvirae; Uroviricota; Caudoviricetes; Caudoviricetes incertae sedis; Trabyvirinae; Slepowronvirus
OR234010.1,"Listeria phage LP-LmcIH1-9, complete genome",38916,35.85,Listeria monocytogenes,clinical isolate,,Listeria phage LP-LmcIH1-9,Viruses; Duplodnaviria; Heunggongvirae; Uroviricota; Caudoviricetes
OR234009.1,"Listeria phage LP-LmcIH1-8, complete genome",39150,35.85,Listeria monocytogenes,clinical isolate,,Listeria phage LP-LmcIH1-8,Viruses; Duplodnaviria; Heunggongvirae; Uroviricota; Caudoviricetes
OQ999172.1,"Listeria phage LIS04, complete genome",181606,37.02,Listeria innocua ATCC 51742,paddy soil,,Listeria phage LIS04,Viruses; Duplodnaviria; Heunggongvirae; Uroviricota; Caudoviricetes; Caudoviricetes incertae sedis; Thornevirus; Thornevirus SP15
OR088597.1,"Listeria phage cka15, complete genome",137077,35.87,Listeria monocytogenes,meat processing plant,,Listeria phage cka15,Viruses; Duplodnaviria; Heunggongvirae; Uroviricota; Caudoviricetes; Caudoviricetes incertae sedis; Herelleviridae; Jasinskavirinae; Pecentumvirus
OP894077.1,"Listeria phage HS5, complete genome",39936,36.31,Listeria monocytogenes,cheese,,Listeria phage HS5,Viruses; Duplodnaviria; Heunggongvirae; Uroviricota; Caudoviricetes; Caudoviricetes incertae sedis; Aquingentivirus; Aquingentivirus HS5
NC_025440.1,"Listeria phage WIL-1, complete genome",134369,35.99,Listeria monocytogenes,,,Listeria phage WIL-1,Viruses; Duplodnaviria; Heunggongvirae; Uroviricota; Caudoviricetes; Caudoviricetes incertae sedis; Herelleviridae; Jasinskavirinae; Pecentumvirus; Pecentumvirus WIL1
NC_047872.1,"Listeria phage LMTA-94, complete genome",136468,35.84,Listeria monocytogenes,,,Listeria phage LMTA-94,Viruses; Duplodnaviria; Heunggongvirae; Uroviricota; Caudoviricetes; Caudoviricetes incertae sedis; Herelleviridae; Jasinskavirinae; Pecentumvirus; Pecentumvirus LMSP25
NC_047871.1,"Listeria phage LMTA-57, complete genome",136589,35.85,Listeria monocytogenes,,,Listeria phage LMTA-57,Viruses; Duplodnaviria; Heunggongvirae; Uroviricota; Caudoviricetes; Caudoviricetes incertae sedis; Herelleviridae; Jasinskavirinae; Pecentumvirus; Pecentumvirus LMSP25
NC_047745.1,"Listeria phage LP-124, complete genome",135764,35.87,Listeria monocytogenes,,,Listeria phage LP-124,Viruses; Duplodnaviria; Heunggongvirae; Uroviricota; Caudoviricetes; Caudoviricetes incertae sedis; Herelleviridae; Jasinskavirinae; Pecentumvirus; Pecentumvirus LP064
NC_021781.2,"Listeria phage LP-125, complete genome",135281,35.93,,,,Listeria phage LP-125,Viruses; Duplodnaviria; Heunggongvirae; Uroviricota; Caudoviricetes; Caudoviricetes incertae sedis; Herelleviridae; Jasinskavirinae; Pecentumvirus; Pecentumvirus LP0832
NC_071072.1,"Streptococcus phage CHPC952, complete genome",36775,39.37,Streptococcus thermophilus,,,Streptococcus phage CHPC952,Viruses; Duplodnaviria; Heunggongvirae; Uroviricota; Caudoviricetes; Caudoviricetes incertae sedis; Aliceevansviridae; Brussowvirus; Brussowvirus CHPC952
NC_071070.1,"Streptococcus phage CHPC931, complete genome",36490,39.2,Streptococcus thermophilus,,,Streptococcus phage CHPC931,Viruses; Duplodnaviria; Heunggongvirae; Uroviricota; Caudoviricetes; Caudoviricetes incertae sedis; Aliceevansviridae; Brussowvirus; Brussowvirus CHPC931
NC_071069.1,"Streptococcus phage CHPC869, complete genome",37080,39.06,Streptococcus thermophilus,,,Streptococcus phage CHPC869,Viruses; Duplodnaviria; Heunggongvirae; Uroviricota; Caudoviricetes; Caudoviricetes incertae sedis; Aliceevansviridae; Brussowvirus; Brussowvirus CHPC869
NC_071063.1,"Streptococcus phage CHPC1152, complete genome",35353,39.56,Streptococcus thermophilus,,,Streptococcus phage CHPC1152,Viruses; Duplodnaviria; Heunggongvirae; Uroviricota; Caudoviricetes; Caudoviricetes incertae sedis; Aliceevansviridae; Brussowvirus; Brussowvirus CHPC1152
NC_071049.1,"Bacillus phage vB_BcoS-136, complete genome",160590,32.16,Bacillus cohnii,Lake Elmenteita sediment,,Bacillus phage vB_BcoS-136,Viruses; Duplodnaviria; Heunggongvirae; Uroviricota; Caudoviricetes; Caudoviricetes incertae sedis; Heleneionescovirinae; Kenyattavirus; Kenyattavirus kv136
NC_054657.1,"Streptomyces phage Salutena, complete genome",51956,67.5,Streptomyces sp.,soil,,Streptomyces phage Salutena,Viruses; Duplodnaviria; Heunggongvirae; Uroviricota; Caudoviricetes; Caudoviricetes incertae sedis; Arquatrovirinae; Salutenavirus; Salutenavirus salutena
NC_049900.1,"Listeria phage LP-HM00113468, complete genome",40298,35.49,Listeria monocytogenes HM00113468,,,Listeria phage LP-HM00113468,Viruses; Duplodnaviria; Heunggongvirae; Uroviricota; Caudoviricetes; Caudoviricetes incertae sedis; Trabyvirinae; Slepowronvirus; Slepowronvirus LPHM00113468
NC_016765.1,"Pseudomonas phage PMG1, complete genome",54024,57.47,Pseudomonas aeruginosa,,,Pseudomonas phage PMG1,Viruses; Duplodnaviria; Heunggongvirae; Uroviricota; Caudoviricetes; Caudoviricetes incertae sedis; Detrevirus; Detrevirus PMG1
NC_015464.1,"Campylobacter phage NCTC12673, complete genome",135041,26.15,Campylobacter jejuni,,,Campylobacter phage NCTC12673,Viruses; Duplodnaviria; Heunggongvirae; Uroviricota; Caudoviricetes; Caudoviricetes incertae sedis; Connertonviridae; Fletchervirus; Fletchervirus NCTC12673
NC_012530.1,"Lactobacillus phage Lb338-1, complete genome",142111,37.4,,,,Lactobacillus phage Lb338-1,Viruses; Duplodnaviria; Heunggongvirae; Uroviricota; Caudoviricetes; Caudoviricetes incertae sedis; Herelleviridae; Mooreparkvirus; Mooreparkvirus Lb3381
NC_009811.2,"Listeria phage A511, complete genome",137619,35.93,Listeria monocytogenes,,,Listeria phage A511,Viruses; Duplodnaviria; Heunggongvirae; Uroviricota; Caudoviricetes; Caudoviricetes incertae sedis; Herelleviridae; Jasinskavirinae; Pecentumvirus; Pecentumvirus A511
NC_007610.1,"Listeria bacteriophage P100, complete genome",131384,36.04,Listeria monocytogenes,,,Listeria phage P100,Viruses; Duplodnaviria; Heunggongvirae; Uroviricota; Caudoviricetes; Caudoviricetes incertae sedis; Herelleviridae; Jasinskavirinae; Pecentumvirus; Pecentumvirus P100
NC_006565.1,"Lactobacillus phage LP65, complete genome",131522,37.32,Lactobacillus plantarum,,,Lactobacillus phage LP65,Viruses; Duplodnaviria; Heunggongvirae; Uroviricota; Caudoviricetes; Caudoviricetes incertae sedis; Herelleviridae; Salchichonvirus; Salchichonvirus LP65
NC_003309.1,"Burkholderia phage phiE125, complete genome",53373,61.19,Burkholderia thailandensis,,,Burkholderia phage phiE125,Viruses; Duplodnaviria; Heunggongvirae; Uroviricota; Caudoviricetes; Caudoviricetes incertae sedis; Stanholtvirus; Stanholtvirus E125
NC_031245.1,"Bacillus phage SP-15, complete genome",221908,38.61,,soil sample,,Bacillus phage SP-15,Viruses; Duplodnaviria; Heunggongvirae; Uroviricota; Caudoviricetes; Caudoviricetes incertae sedis; Thornevirus; Thornevirus SP15
NC_030904.1,"Bacillus phage vB_BhaS-171, complete genome",38975,40.82,Bacillus halmapalus DSM 29712,Lake Elmenteita,,Bacillus phage vB_BhaS-171,Viruses; Duplodnaviria; Heunggongvirae; Uroviricota; Caudoviricetes
NC_042048.1,"Listeria phage LMTA-34, complete genome",138036,35.87,Listeria monocytogenes,,,Listeria phage LMTA-34,Viruses; Duplodnaviria; Heunggongvirae; Uroviricota; Caudoviricetes; Caudoviricetes incertae sedis; Herelleviridae; Jasinskavirinae; Pecentumvirus; Pecentumvirus LMTA34
NC_041862.1,"Listeria phage LP-064, complete genome",135279,35.93,Listeria monocytogenes,,,Listeria phage LP-064,Viruses; Duplodnaviria; Heunggongvirae; Uroviricota; Caudoviricetes; Caudoviricetes incertae sedis; Herelleviridae; Jasinskavirinae; Pecentumvirus; Pecentumvirus LP064
NC_041861.1,"Enterococcus phage VD13, complete genome",55073,40.0,Enterococcus faecalis,,,Enterococcus phage VD13,Viruses; Duplodnaviria; Heunggongvirae; Uroviricota; Caudoviricetes; Caudoviricetes incertae sedis; Saphexavirus; Saphexavirus VD13
NC_029045.1,"Salmonella phage 37, complete genome",60216,56.53,,,,Salmonella phage 37,Viruses; Duplodnaviria; Heunggongvirae; Uroviricota; Caudoviricetes; Caudoviricetes incertae sedis; Casjensviridae; Chivirus; Chivirus cv37
NC_028929.1,"Listeria phage vB_LmoS_293, complete genome",40759,36.86,Listeria monocytogenes,,,Listeria phage vB_LmoS_293,Viruses; Duplodnaviria; Heunggongvirae; Uroviricota; Caudoviricetes; Caudoviricetes incertae sedis; Aquingentivirus; Aquingentivirus av293
NC_028871.1,"Listeria phage vB_LmoS_188, complete genome",38392,35.87,Listeria monocytogenes,,,Listeria phage vB_LmoS_188,Viruses; Duplodnaviria; Heunggongvirae; Uroviricota; Caudoviricetes
NC_028812.1,"Proteus phage pPM_01, complete genome",58546,46.86,Proteus mirabilis,,,Proteus phage pPM_01,Viruses; Duplodnaviria; Heunggongvirae; Uroviricota; Caudoviricetes; Caudoviricetes incertae sedis; Casjensviridae; Lavrentievavirus; Lavrentievavirus pPM01
NC_027120.1,"Lactococcus phage 1358, complete sequence",36892,51.04,Lactococcus lactis SMQ-388,,,Lactococcus phage 1358,Viruses; Duplodnaviria; Heunggongvirae; Uroviricota; Caudoviricetes; Caudoviricetes incertae sedis; Whiteheadvirus; Whiteheadvirus wv1358
NC_024787.1,"Listeria phage LMTA-148, complete genome",132541,36.03,Listeria monocytogenes,,,Listeria phage LMTA-148,Viruses; Duplodnaviria; Heunggongvirae; Uroviricota; Caudoviricetes; Caudoviricetes incertae sedis; Herelleviridae; Jasinskavirinae; Pecentumvirus; Pecentumvirus LMTA148
NC_024392.1,"Listeria phage LP-114, complete genome",66676,36.43,Listeria monocytogenes,,,Listeria phage LP-114,Viruses; Duplodnaviria; Heunggongvirae; Uroviricota; Caudoviricetes; Caudoviricetes incertae sedis; Homburgvirus; Homburgvirus LP114
NC_024387.1,"Listeria phage LP-101, complete genome",43767,35.45,Listeria monocytogenes,,,Listeria phage LP-101,Viruses; Duplodnaviria; Heunggongvirae; Uroviricota; Caudoviricetes; Caudoviricetes incertae sedis; Trabyvirinae; Slepowronvirus; Slepowronvirus LP101
NC_024384.1,"Listeria phage LP-030-3, complete genome",41156,36.55,Listeria monocytogenes,,,Listeria phage LP-030-3,Viruses; Duplodnaviria; Heunggongvirae; Uroviricota; Caudoviricetes; Caudoviricetes incertae sedis; Aquingentivirus; Aquingentivirus LP0303
NC_024383.1,"Listeria phage LP-083-2, complete genome",135831,35.87,Listeria monocytogenes,,,Listeria phage LP-083-2,Viruses; Duplodnaviria; Heunggongvirae; Uroviricota; Caudoviricetes; Caudoviricetes incertae sedis; Herelleviridae; Jasinskavirinae; Pecentumvirus; Pecentumvirus LP0832
NC_024375.1,"Listeria phage LP-026, complete genome",67150,36.26,Listeria monocytogenes,,,Listeria phage LP-026,Viruses; Duplodnaviria; Heunggongvirae; Uroviricota; Caudoviricetes; Caudoviricetes incertae sedis; Homburgvirus; Homburgvirus LP26
NC_024359.1,"Listeria phage LP-048, complete genome",133048,35.97,Listeria monocytogenes,,,Listeria phage LP-048,Viruses; Duplodnaviria; Heunggongvirae; Uroviricota; Caudoviricetes; Caudoviricetes incertae sedis; Herelleviridae; Jasinskavirinae; Pecentumvirus; Pecentumvirus LP048
NC_024364.1,"Listeria phage List-36, complete genome",131952,36.01,Listeria monocytogenes,,,Listeria phage List-36,Viruses; Duplodnaviria; Heunggongvirae; Uroviricota; Caudoviricetes; Caudoviricetes incertae sedis; Herelleviridae; Jasinskavirinae; Pecentumvirus; Pecentumvirus list36
NC_024360.1,"Listeria phage LMSP-25, complete genome",138036,35.87,Listeria monocytogenes,,,Listeria phage LMSP-25,Viruses; Duplodnaviria; Heunggongvirae; Uroviricota; Caudoviricetes; Caudoviricetes incertae sedis; Herelleviridae; Jasinskavirinae; Pecentumvirus; Pecentumvirus LMSP25
NC_021539.2,"Listeria phage LP-030-2, complete genome",38275,34.75,,,,Listeria phage LP-030-2,Viruses; Duplodnaviria; Heunggongvirae; Uroviricota; Caudoviricetes; Caudoviricetes incertae sedis; Psavirus; Psavirus LP302
NC_021787.2,"Listeria phage LP-037, complete genome",64756,36.56,,,,Listeria phage LP-037,Viruses; Duplodnaviria; Heunggongvirae; Uroviricota; Caudoviricetes; Caudoviricetes incertae sedis; Homburgvirus; Homburgvirus LP37
NC_022754.1,"Salmonella phage SETP7, complete genome",42749,49.9,Salmonella enteritidis,sewage,,Salmonella phage SETP7,Viruses; Duplodnaviria; Heunggongvirae; Uroviricota; Caudoviricetes; Caudoviricetes incertae sedis; Sarkviridae; Guernseyvirinae; Jerseyvirus; Jerseyvirus SETP7
NC_022752.1,"Salmonella phage SETP13, complete genome",42665,49.79,Salmonella enteritidis,,,Salmonella phage SETP13,Viruses; Duplodnaviria; Heunggongvirae; Uroviricota; Caudoviricetes; Caudoviricetes incertae sedis; Sarkviridae; Guernseyvirinae; Jerseyvirus; Jerseyvirus SETP13
NC_021785.1,"Listeria phage LP-110, complete genome",65132,36.34,,,,Listeria phage LP-110,Viruses; Duplodnaviria; Heunggongvirae; Uroviricota; Caudoviricetes; Caudoviricetes incertae sedis; Homburgvirus; Homburgvirus LP110
NC_021856.1,"Bacillus phage phiNIT1 DNA, complete genome",155631,42.12,Bacillus subtilis (natto),,,Bacillus phage phiNIT1,Viruses; Duplodnaviria; Heunggongvirae; Uroviricota; Caudoviricetes; Caudoviricetes incertae sedis; Herelleviridae; Bastillevirinae; Nitunavirus; Nitunavirus NIT1
NC_020883.1,"Bacillus phage PM1 DNA, complete genome",50861,41.29,Bacillus subtilis subsp. natto,,,Bacillus phage PM1,Viruses; Duplodnaviria; Heunggongvirae; Uroviricota; Caudoviricetes; Caudoviricetes incertae sedis; Pemunavirus; Pemunavirus PM1
NC_020873.1,"Bacillus cereus bacteriophage vB_BceM_Bc431v3, complete genome",158621,39.98,Bacillus cereus,,,Bacillus phage vB_BceM_Bc431v3,Viruses; Duplodnaviria; Heunggongvirae; Uroviricota; Caudoviricetes; Caudoviricetes incertae sedis; Herelleviridae; Bastillevirinae; Caeruleovirus; Caeruleovirus Bc431
NC_020871.1,"Listeria phage vB_LmoM_AG20, complete genome",133057,35.93,,drains of meat processing plant,,Listeria phage vB_LmoM_AG20,Viruses; Duplodnaviria; Heunggongvirae; Uroviricota; Caudoviricetes; Caudoviricetes incertae sedis; Herelleviridae; Jasinskavirinae; Pecentumvirus; Pecentumvirus AG20
NC_018831.1,"Listeria phage P70, complete genome",67170,36.46,Listeria sp.,,,Listeria phage P70,Viruses; Duplodnaviria; Heunggongvirae; Uroviricota; Caudoviricetes; Caudoviricetes incertae sedis; Homburgvirus; Homburgvirus P70
NC_015157.1,"Vibrio phage ICP1, complete genome",125956,37.07,Vibrio cholerae,,,Vibrio phage ICP1,Viruses; Duplodnaviria; Heunggongvirae; Uroviricota; Caudoviricetes; Caudoviricetes incertae sedis; Mohonavirus; Mohonavirus ICP1
NC_013693.1,"Shigella phage phiSboM-AG3, complete genome",158006,50.4,Shigella boydii,,,Shigella phage Ag3,Viruses; Duplodnaviria; Heunggongvirae; Uroviricota; Caudoviricetes; Pantevenvirales; Ackermannviridae; Aglimvirinae; Agtrevirus; Agtrevirus AG3
NC_011308.1,"Listeria phage P40, complete genome",35638,39.26,Listeria,,,Listeria phage P40,Viruses; Duplodnaviria; Heunggongvirae; Uroviricota; Caudoviricetes
NC_011041.1,"Escherichia coli bacteriophage rv5, complete sequence",137947,43.56,Escherichia coli O157,,,Escherichia phage V5,Viruses; Duplodnaviria; Heunggongvirae; Uroviricota; Caudoviricetes; Caudoviricetes incertae sedis; Vequintavirinae; Vequintavirus; Vequintavirus V5
NC_009815.1,"Listeria phage A006, complete genome",38124,35.5,Listeria monocytogenes,,,Listeria phage A006,Viruses; Duplodnaviria; Heunggongvirae; Uroviricota; Caudoviricetes
NC_009814.1,"Listeria phage P35, complete genome",35822,40.82,Listeria monocytogenes,,,Listeria phage P35,Viruses; Duplodnaviria; Heunggongvirae; Uroviricota; Caudoviricetes
NC_009813.1,"Listeria phage B054, complete genome",48172,36.21,Listeria monocytogenes,,,Listeria phage B054,Viruses; Duplodnaviria; Heunggongvirae; Uroviricota; Caudoviricetes
NC_009812.1,"Listeria phage B025, complete genome",42653,35.1,Listeria monocytogenes,,,Listeria phage B025,Viruses; Duplodnaviria; Heunggongvirae; Uroviricota; Caudoviricetes; Caudoviricetes incertae sedis; Trabyvirinae; Jelitavirus; Jelitavirus B025
NC_004777.1,"Yersinia pestis phage phiA1122, complete genome",37555,48.32,Yersinia pestis,,,Yersinia phage phiA1122,Viruses; Duplodnaviria; Heunggongvirae; Uroviricota; Caudoviricetes; Autographivirales; Autotranscriptaviridae; Studiervirinae; Teseptimavirus; Teseptimavirus A1122
NC_003291.2,Bacteriophage PSA complete genome,37618,34.73,Listeria monocytogenes ScottA,,,Listeria phage PSA,Viruses; Duplodnaviria; Heunggongvirae; Uroviricota; Caudoviricetes; Caudoviricetes incertae sedis; Psavirus; Psavirus PSA
NC_048631.1,"Bacillus phage phi105, complete genome",39318,42.67,Bacillus subtilis BGSC 1L32,,,Bacillus phage phi105,Viruses; Duplodnaviria; Heunggongvirae; Uroviricota; Caudoviricetes; Caudoviricetes incertae sedis; Spizizenvirus; Spizizenvirus sv105
NC_018856.1,"Bacillus phage Bastille, complete genome",153962,38.14,Bacillus cereus HER1399,,,Bacillus phage Bastille,Viruses; Duplodnaviria; Heunggongvirae; Uroviricota; Caudoviricetes; Caudoviricetes incertae sedis; Herelleviridae; Bastillevirinae; Bastillevirus; Bastillevirus bastille
NC_015274.1,"Streptococcus phage Dp-1, complete genome",56506,40.34,Streptococcus pneumoniae strain R6,,,Streptococcus phage Dp-1,Viruses; Duplodnaviria; Heunggongvirae; Uroviricota; Caudoviricetes
NC_009810.1,"Listeria phage A500, complete genome",38867,36.68,Listeria monocytogenes,,,Listeria phage A500,Viruses; Duplodnaviria; Heunggongvirae; Uroviricota; Caudoviricetes; Caudoviricetes incertae sedis; Aquingentivirus; Aquingentivirus A500
NC_007581.1,"Clostridium phage c-st, complete genome",185683,26.28,Clostridium botulinum type C strain C-Stockholm,,,Clostridium phage c-st,Viruses; Duplodnaviria; Heunggongvirae; Uroviricota; Caudoviricetes
NC_003216.1,"Listeria phage A118, complete genome",40834,36.11,Listeria monocytogenes,,,Listeria phage A118,Viruses; Duplodnaviria; Heunggongvirae; Uroviricota; Caudoviricetes
OP779214.1,"Listeria phage LP-P111, complete genome",43578,35.03,Listeria monocytogenes LM 71,,,Listeria phage LP-P111,Viruses; Duplodnaviria; Heunggongvirae; Uroviricota; Caudoviricetes; Caudoviricetes incertae sedis; Trabyvirinae; Slepowronvirus
HQ711985.1,"Pseudomonas phage PMG1, complete genome",54024,57.47,Pseudomonas aeruginosa,,,Pseudomonas phage PMG1,Viruses; Duplodnaviria; Heunggongvirae; Uroviricota; Caudoviricetes; Caudoviricetes incertae sedis; Detrevirus; Detrevirus PMG1
ON456151.1,"Listeria phage HB17054, complete genome",42079,36.72,Listeria monocytogenes ATCC 19115,,,Listeria phage HB17054,Viruses; Duplodnaviria; Heunggongvirae; Uroviricota; Caudoviricetes; Caudoviricetes incertae sedis; Aquingentivirus; Aquingentivirus HB17054
KC262634.1,"Pseudomonas phage H66, complete genome",65270,62.63,Pseudomonas aeruginosa HIM-6,,,Pseudomonas phage H66,Viruses; Duplodnaviria; Heunggongvirae; Uroviricota; Caudoviricetes; Caudoviricetes incertae sedis; Hollowayvirus; Hollowayvirus H66
MZ361826.1,"Hydrogenophilus phage vB_LmoS_C996, complete genome",40770,36.91,Hydrogenophilus thermoluteolus,,,Hydrogenophilus phage vB_LmoS_C996,Viruses; Duplodnaviria; Heunggongvirae; Uroviricota; Caudoviricetes
MZ361825.1,"Listeria phage vB_LmoS_P9, complete genome",36798,36.67,Listeria monocytogenes,,,Listeria phage vB_LmoS_P9,Viruses; Duplodnaviria; Heunggongvirae; Uroviricota; Caudoviricetes
DQ003638.2,"Listeria phage A511, complete genome",137619,35.93,Listeria monocytogenes,,,Listeria phage A511,Viruses; Duplodnaviria; Heunggongvirae; Uroviricota; Caudoviricetes; Caudoviricetes incertae sedis; Herelleviridae; Jasinskavirinae; Pecentumvirus; Pecentumvirus A511
DQ004855.1,"Listeria phage P100, complete genome",131384,36.04,Listeria monocytogenes,,,Listeria phage P100,Viruses; Duplodnaviria; Heunggongvirae; Uroviricota; Caudoviricetes; Caudoviricetes incertae sedis; Herelleviridae; Jasinskavirinae; Pecentumvirus; Pecentumvirus P100
FJ822135.1,"Lactobacillus phage Lb338-1, complete genome",142111,37.4,,,,Lactobacillus phage Lb338-1,Viruses; Duplodnaviria; Heunggongvirae; Uroviricota; Caudoviricetes; Caudoviricetes incertae sedis; Herelleviridae; Mooreparkvirus; Mooreparkvirus Lb3381
AY682195.1,"Lactobacillus phage LP65, complete genome",131522,37.32,,,,Lactobacillus phage LP65,Viruses; Duplodnaviria; Heunggongvirae; Uroviricota; Caudoviricetes; Caudoviricetes incertae sedis; Herelleviridae; Salchichonvirus; Salchichonvirus LP65
GU296433.1,"Campylobacter phage NCTC12673, complete genome",135041,26.15,Campylobacter jejuni,,,Campylobacter phage NCTC12673,Viruses; Duplodnaviria; Heunggongvirae; Uroviricota; Caudoviricetes; Caudoviricetes incertae sedis; Connertonviridae; Fletchervirus; Fletchervirus NCTC12673
OK283618.1,"Listeria phage LPML1, complete genome",87038,38.71,Listeria monocytogenes,,,Listeria phage LPML1,Viruses; Duplodnaviria; Heunggongvirae; Uroviricota; Caudoviricetes; Caudoviricetes incertae sedis; Andersonviridae; Ounavirinae
AF447491.1,"Burkholderia phage phiE125, complete genome",53373,61.19,,,,Burkholderia phage phiE125,Viruses; Duplodnaviria; Heunggongvirae; Uroviricota; Caudoviricetes; Caudoviricetes incertae sedis; Stanholtvirus; Stanholtvirus E125
MZ422438.1,"Listeria phage LPJP1, complete genome",223580,25.92,Listeria grayi,silage from a Wisconsin farm,,Listeria phage LPJP1,Viruses; Duplodnaviria; Heunggongvirae; Uroviricota; Caudoviricetes
MN939540.1,"Listeria phage vB_Liva_VAfA18, complete genome",134508,35.97,,wastewater,,Listeria phage vB_Liva_VAfA18,Viruses; Duplodnaviria; Heunggongvirae; Uroviricota; Caudoviricetes; Caudoviricetes incertae sedis; Herelleviridae; Jasinskavirinae; Pecentumvirus; Pecentumvirus list36
MN939539.1,"Listeria phage vB_Lino_VEfB7, complete genome",135461,36.11,,wastewater,,Listeria phage vB_Lino_VEfB7,Viruses; Duplodnaviria; Heunggongvirae; Uroviricota; Caudoviricetes; Caudoviricetes incertae sedis; Herelleviridae; Jasinskavirinae; Pecentumvirus
MT708548.1,"Streptomyces phage Salutena, complete genome",51956,67.5,Streptomyces sp.,soil,,Streptomyces phage Salutena,Viruses; Duplodnaviria; Heunggongvirae; Uroviricota; Caudoviricetes; Caudoviricetes incertae sedis; Arquatrovirinae; Salutenavirus; Salutenavirus salutena
MT939242.1,"Enterococcus phage 9184, complete genome",44108,35.82,Enterococcus sp.,wastewater samples,,Enterococcus phage 9184,Viruses; Duplodnaviria; Heunggongvirae; Uroviricota; Caudoviricetes; Caudoviricetes incertae sedis; Thiercelinvirus; Thiercelinvirus v9184
MT668624.1,"Listeria phage LP-Mix_6.2, complete genome",138470,35.88,Listeria monocytogenes,,,Listeria phage LP-Mix_6.2,Viruses; Duplodnaviria; Heunggongvirae; Uroviricota; Caudoviricetes; Caudoviricetes incertae sedis; Herelleviridae; Jasinskavirinae; Pecentumvirus; Pecentumvirus LP0832
MT668623.1,"Listeria phage LP-Mix_6.1, complete genome",136804,35.93,Listeria monocytogenes,,,Listeria phage LP-Mix_6.1,Viruses; Duplodnaviria; Heunggongvirae; Uroviricota; Caudoviricetes; Caudoviricetes incertae sedis; Herelleviridae; Jasinskavirinae; Pecentumvirus; Pecentumvirus LP048
MT500540.1,"Listeria phage LP-HM00113468, complete genome",40298,35.49,Listeria monocytogenes HM00113468,,,Listeria phage LP-HM00113468,Viruses; Duplodnaviria; Heunggongvirae; Uroviricota; Caudoviricetes; Caudoviricetes incertae sedis; Trabyvirinae; Slepowronvirus; Slepowronvirus LPHM00113468
MT178767.1,"Listeria phage P200, complete genome",135029,35.91,Listeria monocytogenes,,,Listeria phage P200,Viruses; Duplodnaviria; Heunggongvirae; Uroviricota; Caudoviricetes; Caudoviricetes incertae sedis; Herelleviridae; Jasinskavirinae; Pecentumvirus; Pecentumvirus P100
MT178766.1,"Listeria phage P100plus, complete genome",135028,35.91,Listeria monocytogenes,,,Listeria phage P100plus,Viruses; Duplodnaviria; Heunggongvirae; Uroviricota; Caudoviricetes; Caudoviricetes incertae sedis; Herelleviridae; Jasinskavirinae; Pecentumvirus; Pecentumvirus P100
MN241318.1,"Enterococcus phage PEf771, complete genome",151052,36.97,Enterococcus faecalis YN771,water,,Enterococcus phage PEf771,Viruses; Duplodnaviria; Heunggongvirae; Uroviricota; Caudoviricetes; Caudoviricetes incertae sedis; Herelleviridae; Brockvirinae; Schiekvirus; Schiekvirus Pef771
MN904502.1,"Listeria phage LP-018, complete genome",65284,36.39,Listeria monocytogenes FSL F6-367,,,Listeria phage LP-018,Viruses; Duplodnaviria; Heunggongvirae; Uroviricota; Caudoviricetes; Caudoviricetes incertae sedis; Homburgvirus; Homburgvirus LP37
MN172529.2,"Listeria phage LP-039, complete genome",136234,35.91,Listeria monocytogenes MACK,,,Listeria phage LP-039,Viruses; Duplodnaviria; Heunggongvirae; Uroviricota; Caudoviricetes; Caudoviricetes incertae sedis; Herelleviridae; Jasinskavirinae; Pecentumvirus; Pecentumvirus LP048
MN128594.2,"Listeria phage LP-066, complete genome",138918,35.83,Listeria monocytogenes FSL F6-367,,,Listeria phage LP-066,Viruses; Duplodnaviria; Heunggongvirae; Uroviricota; Caudoviricetes; Caudoviricetes incertae sedis; Herelleviridae; Jasinskavirinae; Pecentumvirus; Pecentumvirus LP0832
MH299806.1,"Listeria phage LP-KV022, complete genome",65128,36.34,Listeria,,,Listeria phage LP-KV022,Viruses; Duplodnaviria; Heunggongvirae; Uroviricota; Caudoviricetes; Caudoviricetes incertae sedis; Homburgvirus; Homburgvirus LP110
MN128593.1,"Listeria phage LP-031, complete genome",65468,36.41,Listeria monocytogenes FSL F6-367,,,Listeria phage LP-031,Viruses; Duplodnaviria; Heunggongvirae; Uroviricota; Caudoviricetes; Caudoviricetes incertae sedis; Homburgvirus; Homburgvirus LP114
MN114083.1,"Listeria phage LP-013, complete genome",65660,36.35,Listeria monocytogenes J1-208,,,Listeria phage LP-013,Viruses; Duplodnaviria; Heunggongvirae; Uroviricota; Caudoviricetes; Caudoviricetes incertae sedis; Homburgvirus; Homburgvirus LP114
MN114082.1,"Listeria phage LP-010, complete genome",64629,36.41,Listeria monocytogenes J1-208,,,Listeria phage LP-010,Viruses; Duplodnaviria; Heunggongvirae; Uroviricota; Caudoviricetes; Caudoviricetes incertae sedis; Homburgvirus; Homburgvirus LP114
MK800154.1,"Enterococcus phage Entf1, complete genome",58938,39.93,Enterococcus faecalis,sewage,,Enterococcus phage Entf1,Viruses; Duplodnaviria; Heunggongvirae; Uroviricota; Caudoviricetes; Caudoviricetes incertae sedis; Saphexavirus
MK792752.1,"UNVERIFIED: Listeria phage vB-LmoM-SH3-3, complete genome",136801,36.04,Listeria monocytogenes,sewage from slaughterhouse,,Listeria phage vB-LmoM-SH3-3,Viruses; Duplodnaviria; Heunggongvirae; Uroviricota; Caudoviricetes; Caudoviricetes incertae sedis; Herelleviridae; Jasinskavirinae; Pecentumvirus
KT624200.1,"Bacillus phage SP-15, complete genome",221908,38.61,,soil sample,,Bacillus phage SP-15,Viruses; Duplodnaviria; Heunggongvirae; Uroviricota; Caudoviricetes; Caudoviricetes incertae sedis; Thornevirus; Thornevirus SP15
MK449010.1,"Streptococcus phage Javan90, complete genome",37029,38.57,Streptococcus canis ERR438798,,,Streptococcus phage Javan90,Viruses; Duplodnaviria; Heunggongvirae; Uroviricota; Caudoviricetes
MK448967.1,"Streptococcus phage Javan510, complete genome",37969,38.14,Streptococcus pyogenes MGAS315,,,Streptococcus phage Javan510,Viruses; Duplodnaviria; Heunggongvirae; Uroviricota; Caudoviricetes
MK448924.1,"Streptococcus phage Javan384, complete genome",37542,34.99,Streptococcus parauberis KCTC_11537,,,Streptococcus phage Javan384,Viruses; Duplodnaviria; Heunggongvirae; Uroviricota; Caudoviricetes
MK448856.1,"Streptococcus phage Javan158, complete genome",19446,38.5,Streptococcus dysgalactiae ERR111982,,,Streptococcus phage Javan158,Viruses; Duplodnaviria; Heunggongvirae; Uroviricota; Caudoviricetes
MK448833.1,"Streptococcus phage Javan87, complete genome",38593,38.77,Streptococcus canis ERR438797,,,Streptococcus phage Javan87,Viruses; Duplodnaviria; Heunggongvirae; Uroviricota; Caudoviricetes
MK448798.1,"Streptococcus phage Javan533, complete genome",37968,38.14,Streptococcus pyogenes SSI-1,,,Streptococcus phage Javan533,Viruses; Duplodnaviria; Heunggongvirae; Uroviricota; Caudoviricetes
MK448790.1,"Streptococcus phage Javan515, complete genome",37744,38.07,Streptococcus pyogenes MGAS5005,,,Streptococcus phage Javan515,Viruses; Duplodnaviria; Heunggongvirae; Uroviricota; Caudoviricetes
MK448783.1,"Streptococcus phage Javan503, complete genome",37606,38.29,Streptococcus pyogenes MGAS10750,,,Streptococcus phage Javan503,Viruses; Duplodnaviria; Heunggongvirae; Uroviricota; Caudoviricetes
MK448753.1,"Streptococcus phage Javan407, complete genome",38109,35.34,Streptococcus parauberis SP-llh,,,Streptococcus phage Javan407,Viruses; Duplodnaviria; Heunggongvirae; Uroviricota; Caudoviricetes
MK448746.1,"Streptococcus phage Javan383, complete genome",37490,35.64,Streptococcus parauberis KCTC_11537,,,Streptococcus phage Javan383,Viruses; Duplodnaviria; Heunggongvirae; Uroviricota; Caudoviricetes
MK448723.1,"Streptococcus phage Javan271, complete genome",40704,35.48,Streptococcus iniae SF1,,,Streptococcus phage Javan271,Viruses; Duplodnaviria; Heunggongvirae; Uroviricota; Caudoviricetes
MK448683.1,"Streptococcus phage Javan149, complete genome",41754,37.59,Streptococcus dysgalactiae ERR109308,,,Streptococcus phage Javan149,Viruses; Duplodnaviria; Heunggongvirae; Uroviricota; Caudoviricetes
MK448681.1,"Streptococcus phage Javan141, complete genome",42448,38.0,Streptococcus dysgalactiae ERR085062,,,Streptococcus phage Javan141,Viruses; Duplodnaviria; Heunggongvirae; Uroviricota; Caudoviricetes
MH844558.1,"Exiguobacterium phage vB_EauM-23, complete genome",37660,52.08,Exiguobacterium aurantiacum,,,Exiguobacterium phage vB_EauM-23,Viruses; Duplodnaviria; Heunggongvirae; Uroviricota; Caudoviricetes
MH884512.1,"Bacillus phage vB_BpsS-140, complete genome",55091,39.84,Bacillus pseudalcaliphilus,Lake Elmenteita sediment,,Bacillus phage vB_BpsS-140,Viruses; Duplodnaviria; Heunggongvirae; Uroviricota; Caudoviricetes
MH937507.1,"Streptococcus phage CHPC1152, complete genome",35353,39.56,Streptococcus thermophilus,,,Streptococcus phage CHPC1152,Viruses; Duplodnaviria; Heunggongvirae; Uroviricota; Caudoviricetes; Caudoviricetes incertae sedis; Aliceevansviridae; Brussowvirus; Brussowvirus CHPC1152
MH937479.1,"Streptococcus phage CHPC952, complete genome",36775,39.37,Streptococcus thermophilus,,,Streptococcus phage CHPC952,Viruses; Duplodnaviria; Heunggongvirae; Uroviricota; Caudoviricetes; Caudoviricetes incertae sedis; Aliceevansviridae; Brussowvirus; Brussowvirus CHPC952
MH937503.1,"Streptococcus phage CHPC1084, complete genome",36776,39.37,Streptococcus thermophilus,,,Streptococcus phage CHPC1084,Viruses; Duplodnaviria; Heunggongvirae; Uroviricota; Caudoviricetes; Caudoviricetes incertae sedis; Aliceevansviridae; Brussowvirus
MH937475.1,"Streptococcus phage CHPC931, complete genome",36490,39.2,Streptococcus thermophilus,,,Streptococcus phage CHPC931,Viruses; Duplodnaviria; Heunggongvirae; Uroviricota; Caudoviricetes; Caudoviricetes incertae sedis; Aliceevansviridae; Brussowvirus; Brussowvirus CHPC931
MH937464.1,"Streptococcus phage CHPC869, complete genome",37080,39.06,Streptococcus thermophilus,,,Streptococcus phage CHPC869,Viruses; Duplodnaviria; Heunggongvirae; Uroviricota; Caudoviricetes; Caudoviricetes incertae sedis; Aliceevansviridae; Brussowvirus; Brussowvirus CHPC869
MH884514.1,"Bacillus phage vB_BpsM-61, complete genome",48160,43.14,Bacillus pseudofirmus,Lake Elmenteita sediment,,Bacillus phage vB_BpsM-61,Viruses; Duplodnaviria; Heunggongvirae; Uroviricota; Caudoviricetes
MH884513.1,"Bacillus phage vB_BpsS-36, complete genome",50485,41.14,Bacillus pseudalcaliphilus,Lake Elmenteita sediment,,Bacillus phage vB_BpsS-36,Viruses; Duplodnaviria; Heunggongvirae; Uroviricota; Caudoviricetes; Caudoviricetes incertae sedis; Ehrlichviridae; Nairobivirus; Nairobivirus nv36
MH884511.1,"Exiguobacterium phage vB_EalM-132, complete genome",145804,40.62,Exiguobacterium alkaliphilum,Lake Elmenteita sediment,,Exiguobacterium phage vB_EalM-132,Viruses; Duplodnaviria; Heunggongvirae; Uroviricota; Caudoviricetes; Caudoviricetes incertae sedis; Herelleviridae; Spounavirinae
MH884508.1,"Bacillus phage vB_BcoS-136, complete genome",160590,32.16,Bacillus cohnii,Lake Elmenteita sediment,,Bacillus phage vB_BcoS-136,Viruses; Duplodnaviria; Heunggongvirae; Uroviricota; Caudoviricetes; Caudoviricetes incertae sedis; Heleneionescovirinae; Kenyattavirus; Kenyattavirus kv136
NC_004586.1,"Streptococcus pyogenes phage 315.3, complete genome",34419,38.03,Streptococcus pyogenes MGAS315,,,Streptococcus phage 315.3,Viruses; Duplodnaviria; Heunggongvirae; Uroviricota; Caudoviricetes
MH538296.1,"Bacillus phage Maceta, complete genome",45023,39.99,Bacillus thuringiensis serovar kurstaki,,,Bacillus phage Maceta,Viruses; Duplodnaviria; Heunggongvirae; Uroviricota; Caudoviricetes; Caudoviricetes incertae sedis; Herelleviridae; Bastillevirinae; Bastillevirus
KR296684.1,"UNVERIFIED: Salmonella phage 19, complete genome",94766,45.64,,,,Salmonella phage 19,Viruses; Duplodnaviria; Heunggongvirae; Uroviricota; Caudoviricetes
MH341453.1,"Listeria phage PSU-VKH-LP041, complete genome",48286,35.82,Listeria,,,Listeria phage PSU-VKH-LP041,Viruses; Duplodnaviria; Heunggongvirae; Uroviricota; Caudoviricetes
MH341452.1,"Listeria phage PSU-VKH-LP040, complete genome",39585,37.09,Listeria,,,Listeria phage PSU-VKH-LP040,Viruses; Duplodnaviria; Heunggongvirae; Uroviricota; Caudoviricetes; Caudoviricetes incertae sedis; Aquingentivirus; Aquingentivirus LP040
MH341451.1,"Listeria phage PSU-VKH-LP019, complete genome",38601,35.68,Listeria,,,Listeria phage PSU-VKH-LP019,Viruses; Duplodnaviria; Heunggongvirae; Uroviricota; Caudoviricetes
KX077896.1,"Streptococcus phage phiJH1301-2, complete genome",67195,38.63,Streptococcus suis JH1301,,,Streptococcus phage phiJH1301-2,Viruses; Duplodnaviria; Heunggongvirae; Uroviricota; Caudoviricetes
CP011103.1,"Listeria phage LWP01, complete genome",41913,45.51,Listeria weihenstephanensis WS 4560,,,Listeria phage LWP01,Viruses; Duplodnaviria; Heunggongvirae; Uroviricota; Caudoviricetes
HQ268735.1,"Streptococcus phage Dp-1, complete genome",56506,40.34,Streptococcus pneumoniae strain R6,,,Streptococcus phage Dp-1,Viruses; Duplodnaviria; Heunggongvirae; Uroviricota; Caudoviricetes
KR296691.1,"Salmonella phage 37, complete genome",60216,56.53,,,,Salmonella phage 37,Viruses; Duplodnaviria; Heunggongvirae; Uroviricota; Caudoviricetes; Caudoviricetes incertae sedis; Casjensviridae; Chivirus; Chivirus cv37
KR296694.1,"Salmonella phage 40, complete genome",63263,44.94,,,,Salmonella phage 40,Viruses; Duplodnaviria; Heunggongvirae; Uroviricota; Caudoviricetes; Caudoviricetes incertae sedis; Vequintavirinae
KU160496.1,"Bacillus phage vB_BhaS-171, complete genome",38975,40.82,Bacillus halmapalus DSM 29712,Lake Elmenteita,,Bacillus phage vB_BhaS-171,Viruses; Duplodnaviria; Heunggongvirae; Uroviricota; Caudoviricetes
KP399678.1,"Listeria phage vB_LmoS_293, complete genome",40759,36.86,Listeria monocytogenes,,,Listeria phage vB_LmoS_293,Viruses; Duplodnaviria; Heunggongvirae; Uroviricota; Caudoviricetes; Caudoviricetes incertae sedis; Aquingentivirus; Aquingentivirus av293
KP399677.1,"Listeria phage vB_LmoS_188, complete genome",38392,35.87,Listeria monocytogenes,,,Listeria phage vB_LmoS_188,Viruses; Duplodnaviria; Heunggongvirae; Uroviricota; Caudoviricetes
KP063118.1,"Proteus phage pPM_01, complete genome",58546,46.86,Proteus mirabilis,,,Proteus phage pPM_01,Viruses; Duplodnaviria; Heunggongvirae; Uroviricota; Caudoviricetes; Caudoviricetes incertae sedis; Casjensviridae; Lavrentievavirus; Lavrentievavirus pPM01
KJ094032.2,"Enterococcus phage VD13, complete genome",55073,40.0,Enterococcus faecalis,,,Enterococcus phage VD13,Viruses; Duplodnaviria; Heunggongvirae; Uroviricota; Caudoviricetes; Caudoviricetes incertae sedis; Saphexavirus; Saphexavirus VD13
KJ094031.2,"Listeria phage LP-124, complete genome",135764,35.87,Listeria monocytogenes,,,Listeria phage LP-124,Viruses; Duplodnaviria; Heunggongvirae; Uroviricota; Caudoviricetes; Caudoviricetes incertae sedis; Herelleviridae; Jasinskavirinae; Pecentumvirus; Pecentumvirus LP064
KM373208.1,"Listeria phage WIL-1, complete genome",134369,35.99,Listeria monocytogenes,,,Listeria phage WIL-1,Viruses; Duplodnaviria; Heunggongvirae; Uroviricota; Caudoviricetes; Caudoviricetes incertae sedis; Herelleviridae; Jasinskavirinae; Pecentumvirus; Pecentumvirus WIL1
JX126920.2,"Listeria phage LP-037, complete genome",64756,36.56,,,,Listeria phage LP-037,Viruses; Duplodnaviria; Heunggongvirae; Uroviricota; Caudoviricetes; Caudoviricetes incertae sedis; Homburgvirus; Homburgvirus LP37
JX120799.2,"Listeria phage LP-030-2, complete genome",38275,34.75,,,,Listeria phage LP-030-2,Viruses; Duplodnaviria; Heunggongvirae; Uroviricota; Caudoviricetes; Caudoviricetes incertae sedis; Psavirus; Psavirus LP302
JX126918.2,"Listeria phage LP-125, complete genome",135281,35.93,,,,Listeria phage LP-125,Viruses; Duplodnaviria; Heunggongvirae; Uroviricota; Caudoviricetes; Caudoviricetes incertae sedis; Herelleviridae; Jasinskavirinae; Pecentumvirus; Pecentumvirus LP0832
JX126919.1,"Listeria phage LP-110, complete genome",65132,36.34,,,,Listeria phage LP-110,Viruses; Duplodnaviria; Heunggongvirae; Uroviricota; Caudoviricetes; Caudoviricetes incertae sedis; Homburgvirus; Homburgvirus LP110
KJ094020.1,"Listeria phage LP-026, complete genome",67150,36.26,Listeria monocytogenes,,,Listeria phage LP-026,Viruses; Duplodnaviria; Heunggongvirae; Uroviricota; Caudoviricetes; Caudoviricetes incertae sedis; Homburgvirus; Homburgvirus LP26
KJ094033.1,"Listeria phage LP-048, complete genome",133048,35.97,Listeria monocytogenes,,,Listeria phage LP-048,Viruses; Duplodnaviria; Heunggongvirae; Uroviricota; Caudoviricetes; Caudoviricetes incertae sedis; Herelleviridae; Jasinskavirinae; Pecentumvirus; Pecentumvirus LP048
KJ094030.1,"Listeria phage LP-083-2, complete genome",135831,35.87,Listeria monocytogenes,,,Listeria phage LP-083-2,Viruses; Duplodnaviria; Heunggongvirae; Uroviricota; Caudoviricetes; Caudoviricetes incertae sedis; Herelleviridae; Jasinskavirinae; Pecentumvirus; Pecentumvirus LP0832
KJ094029.1,"Listeria phage LP-064, complete genome",135279,35.93,Listeria monocytogenes,,,Listeria phage LP-064,Viruses; Duplodnaviria; Heunggongvirae; Uroviricota; Caudoviricetes; Caudoviricetes incertae sedis; Herelleviridae; Jasinskavirinae; Pecentumvirus; Pecentumvirus LP064
KJ094023.1,"Listeria phage LP-101, complete genome",43767,35.45,Listeria monocytogenes,,,Listeria phage LP-101,Viruses; Duplodnaviria; Heunggongvirae; Uroviricota; Caudoviricetes; Caudoviricetes incertae sedis; Trabyvirinae; Slepowronvirus; Slepowronvirus LP101
KJ094022.1,"Listeria phage LP-030-3, complete genome",41156,36.55,Listeria monocytogenes,,,Listeria phage LP-030-3,Viruses; Duplodnaviria; Heunggongvirae; Uroviricota; Caudoviricetes; Caudoviricetes incertae sedis; Aquingentivirus; Aquingentivirus LP0303
KJ094021.1,"Listeria phage LP-114, complete genome",66676,36.43,Listeria monocytogenes,,,Listeria phage LP-114,Viruses; Duplodnaviria; Heunggongvirae; Uroviricota; Caudoviricetes; Caudoviricetes incertae sedis; Homburgvirus; Homburgvirus LP114
KJ591605.1,"Listeria phage LMTA-57, complete genome",136589,35.85,Listeria monocytogenes,,,Listeria phage LMTA-57,Viruses; Duplodnaviria; Heunggongvirae; Uroviricota; Caudoviricetes; Caudoviricetes incertae sedis; Herelleviridae; Jasinskavirinae; Pecentumvirus; Pecentumvirus LMSP25
KJ591604.1,"Listeria phage LMTA-148, complete genome",132541,36.03,Listeria monocytogenes,,,Listeria phage LMTA-148,Viruses; Duplodnaviria; Heunggongvirae; Uroviricota; Caudoviricetes; Caudoviricetes incertae sedis; Herelleviridae; Jasinskavirinae; Pecentumvirus; Pecentumvirus LMTA148
KJ586795.1,"Listeria phage LMTA-94, complete genome",136468,35.84,Listeria monocytogenes,,,Listeria phage LMTA-94,Viruses; Duplodnaviria; Heunggongvirae; Uroviricota; Caudoviricetes; Caudoviricetes incertae sedis; Herelleviridae; Jasinskavirinae; Pecentumvirus; Pecentumvirus LMSP25
KJ586794.1,"Listeria phage LMTA-34, complete genome",138036,35.87,Listeria monocytogenes,,,Listeria phage LMTA-34,Viruses; Duplodnaviria; Heunggongvirae; Uroviricota; Caudoviricetes; Caudoviricetes incertae sedis; Herelleviridae; Jasinskavirinae; Pecentumvirus; Pecentumvirus LMTA34
KJ535722.1,"Listeria phage LMSP-25, complete genome",138036,35.87,Listeria monocytogenes,,,Listeria phage LMSP-25,Viruses; Duplodnaviria; Heunggongvirae; Uroviricota; Caudoviricetes; Caudoviricetes incertae sedis; Herelleviridae; Jasinskavirinae; Pecentumvirus; Pecentumvirus LMSP25
KJ535721.1,"Listeria phage List-36, complete genome",131952,36.01,Listeria monocytogenes,,,Listeria phage List-36,Viruses; Duplodnaviria; Heunggongvirae; Uroviricota; Caudoviricetes; Caudoviricetes incertae sedis; Herelleviridae; Jasinskavirinae; Pecentumvirus; Pecentumvirus list36
KF562865.1,"Salmonella phage SETP7, complete genome",42749,49.9,Salmonella enteritidis,sewage,,Salmonella phage SETP7,Viruses; Duplodnaviria; Heunggongvirae; Uroviricota; Caudoviricetes; Caudoviricetes incertae sedis; Sarkviridae; Guernseyvirinae; Jerseyvirus; Jerseyvirus SETP7
KF562864.1,"Salmonella phage SETP13, complete genome",42665,49.79,Salmonella enteritidis,,,Salmonella phage SETP13,Viruses; Duplodnaviria; Heunggongvirae; Uroviricota; Caudoviricetes; Caudoviricetes incertae sedis; Sarkviridae; Guernseyvirinae; Jerseyvirus; Jerseyvirus SETP13
HM072038.1,"Bacillus phage phi105, complete genome",39318,42.67,Bacillus subtilis BGSC 1L32,,,Bacillus phage phi105,Viruses; Duplodnaviria; Heunggongvirae; Uroviricota; Caudoviricetes; Caudoviricetes incertae sedis; Spizizenvirus; Spizizenvirus sv105
AP013029.1,"Bacillus phage phiNIT1 DNA, complete genome",155631,42.12,Bacillus subtilis (natto),,,Bacillus phage phiNIT1,Viruses; Duplodnaviria; Heunggongvirae; Uroviricota; Caudoviricetes; Caudoviricetes incertae sedis; Herelleviridae; Bastillevirinae; Nitunavirus; Nitunavirus NIT1
AB711120.1,"Bacillus phage PM1 DNA, complete genome",50861,41.29,Bacillus subtilis subsp. natto,,,Bacillus phage PM1,Viruses; Duplodnaviria; Heunggongvirae; Uroviricota; Caudoviricetes; Caudoviricetes incertae sedis; Pemunavirus; Pemunavirus PM1
DQ832317.1,"Escherichia coli bacteriophage rv5, complete sequence",137947,43.56,Escherichia coli O157,,,Escherichia phage V5,Viruses; Duplodnaviria; Heunggongvirae; Uroviricota; Caudoviricetes; Caudoviricetes incertae sedis; Vequintavirinae; Vequintavirus; Vequintavirus V5
JQ797329.1,"Listeria phage vB_LmoM_AG20, complete genome",133057,35.93,,drains of meat processing plant,,Listeria phage vB_LmoM_AG20,Viruses; Duplodnaviria; Heunggongvirae; Uroviricota; Caudoviricetes; Caudoviricetes incertae sedis; Herelleviridae; Jasinskavirinae; Pecentumvirus; Pecentumvirus AG20
JX094431.1,"Bacillus cereus bacteriophage vB_BceM_Bc431v3, complete genome",158621,39.98,Bacillus cereus,,,Bacillus phage vB_BceM_Bc431v3,Viruses; Duplodnaviria; Heunggongvirae; Uroviricota; Caudoviricetes; Caudoviricetes incertae sedis; Herelleviridae; Bastillevirinae; Caeruleovirus; Caeruleovirus Bc431
JF966203.1,"Bacillus phage Bastille, complete genome",153962,38.14,Bacillus cereus HER1399,,,Bacillus phage Bastille,Viruses; Duplodnaviria; Heunggongvirae; Uroviricota; Caudoviricetes; Caudoviricetes incertae sedis; Herelleviridae; Bastillevirinae; Bastillevirus; Bastillevirus bastille
JX442241.1,"Listeria phage P70, complete genome",67170,36.46,Listeria sp.,,,Listeria phage P70,Viruses; Duplodnaviria; Heunggongvirae; Uroviricota; Caudoviricetes; Caudoviricetes incertae sedis; Homburgvirus; Homburgvirus P70
HQ641347.1,"Vibrio phage ICP1, complete genome",125956,37.07,Vibrio cholerae,,,Vibrio phage ICP1,Viruses; Duplodnaviria; Heunggongvirae; Uroviricota; Caudoviricetes; Caudoviricetes incertae sedis; Mohonavirus; Mohonavirus ICP1
FJ373894.1,"Shigella phage phiSboM-AG3, complete genome",158006,50.4,Shigella boydii,,,Shigella phage Ag3,Viruses; Duplodnaviria; Heunggongvirae; Uroviricota; Caudoviricetes; Pantevenvirales; Ackermannviridae; Aglimvirinae; Agtrevirus; Agtrevirus AG3
AJ312240.2,Bacteriophage PSA complete genome,37618,34.73,Listeria monocytogenes ScottA,,,Listeria phage PSA,Viruses; Duplodnaviria; Heunggongvirae; Uroviricota; Caudoviricetes; Caudoviricetes incertae sedis; Psavirus; Psavirus PSA
AJ242593.1,Bacteriophage A118 complete genome,40834,36.11,Listeria monocytogenes,,,Listeria phage A118,Viruses; Duplodnaviria; Heunggongvirae; Uroviricota; Caudoviricetes
AP008983.1,"Clostridium phage c-st genomic DNA, complete genome",185683,26.28,Clostridium botulinum type C strain C-Stockholm,,,Clostridium phage c-st,Viruses; Duplodnaviria; Heunggongvirae; Uroviricota; Caudoviricetes
AY247822.1,"Yersinia pestis phage phiA1122, complete genome",37555,48.32,,,,Yersinia phage phiA1122,Viruses; Duplodnaviria; Heunggongvirae; Uroviricota; Caudoviricetes; Autographivirales; Autotranscriptaviridae; Studiervirinae; Teseptimavirus; Teseptimavirus A1122
GQ403788.1,"Lactococcus phage 1358, complete sequence",36892,51.04,Lactococcus lactis SMQ-388,,,Lactococcus phage 1358,Viruses; Duplodnaviria; Heunggongvirae; Uroviricota; Caudoviricetes; Caudoviricetes incertae sedis; Whiteheadvirus; Whiteheadvirus wv1358
EU855793.1,"Listeria phage P40, complete genome",35638,39.26,Listeria,,,Listeria phage P40,Viruses; Duplodnaviria; Heunggongvirae; Uroviricota; Caudoviricetes
DQ003642.1,"Listeria phage A006, complete genome",38124,35.5,Listeria monocytogenes,,,Listeria phage A006,Viruses; Duplodnaviria; Heunggongvirae; Uroviricota; Caudoviricetes
DQ003641.1,"Listeria phage P35, complete genome",35822,40.82,Listeria monocytogenes,,,Listeria phage P35,Viruses; Duplodnaviria; Heunggongvirae; Uroviricota; Caudoviricetes
DQ003640.1,"Listeria phage B054, complete genome",48172,36.21,Listeria monocytogenes,,,Listeria phage B054,Viruses; Duplodnaviria; Heunggongvirae; Uroviricota; Caudoviricetes
DQ003639.1,"Listeria phage B025, complete genome",42653,35.1,Listeria monocytogenes,,,Listeria phage B025,Viruses; Duplodnaviria; Heunggongvirae; Uroviricota; Caudoviricetes; Caudoviricetes incertae sedis; Trabyvirinae; Jelitavirus; Jelitavirus B025
DQ003637.1,"Listeria phage A500, complete genome",38867,36.68,Listeria monocytogenes,,,Listeria phage A500,Viruses; Duplodnaviria; Heunggongvirae; Uroviricota; Caudoviricetes; Caudoviricetes incertae sedis; Aquingentivirus; Aquingentivirus A500
AY176327.1,"Staphylococcus phage K, complete genome",127395,30.6,,,,Staphylococcus phage K,Viruses; Duplodnaviria; Heunggongvirae; Uroviricota; Caudoviricetes; Caudoviricetes incertae sedis; Herelleviridae; Twortvirinae; Kayvirus; Kayvirus kay
EU710883.1,"Erwinia phage phiEa21-4, complete genome",84576,43.81,Erwinia amylovora,,,Erwinia phage phiEa21-4,Viruses; Duplodnaviria; Heunggongvirae; Uroviricota; Caudoviricetes; Caudoviricetes incertae sedis; Andersonviridae; Ounavirinae; Kolesnikvirus; Kolesnikvirus Ea214
